optimiser,evaluations,mean,q25,q75
CMA-ES,0,8.31377617518107,7.077344179153442,10.183243989944458
CMA-ES,250,1.283936583995819,1.0901961922645569,1.4815448820590973
CMA-ES,500,0.7757946610450744,0.7154617756605148,0.8317536860704422
CMA-ES,750,0.678075788418452,0.6347893178462982,0.7099265158176422
CMA-ES,1000,0.6196382164955139,0.5858756601810455,0.6603911817073822
CMA-ES,1250,0.5722997615734736,0.5200107842683792,0.6107566952705383
CMA-ES,1500,0.5516680330038071,0.5079066306352615,0.6053123474121094
CMA-ES,1750,0.5171925256649653,0.479876846075058,0.5581860393285751
CMA-ES,2000,0.4933253546555837,0.46992744505405426,0.5184375643730164
CMA-ES,2250,0.4796379377444585,0.46245527267456055,0.50449338555336
CMA-ES,2500,0.459672287106514,0.4203847125172615,0.4969317391514778
CMA-ES,2750,0.4404024213552475,0.40954793244600296,0.48095039278268814
CMA-ES,3000,0.4304947058359782,0.395987793803215,0.46648310124874115
CMA-ES,3250,0.41329138179620106,0.381169356405735,0.44325901567935944
CMA-ES,3500,0.40404984454313914,0.3699652701616287,0.44104165583848953
CMA-ES,3750,0.3905850122372309,0.35883209854364395,0.4173643961548805
CMA-ES,4000,0.3777688066164652,0.34395281225442886,0.41136983782052994
CMA-ES,4250,0.36933598419030506,0.3388568162918091,0.40007808059453964
CMA-ES,4500,0.3582934548457464,0.33753639459609985,0.3837828189134598
CMA-ES,4750,0.3435124715169271,0.32145848870277405,0.37283337116241455
CMA-ES,5000,0.339115235209465,0.30699753761291504,0.36550913751125336
CMA-ES,5250,0.3237096796433131,0.29851722717285156,0.354242242872715
CMA-ES,5500,0.3150301287571589,0.2935486137866974,0.33779574930667877
CMA-ES,5750,0.30286429822444916,0.28841058164834976,0.3280869126319885
CMA-ES,6000,0.29492039084434507,0.27672380208969116,0.31321680545806885
CMA-ES,6250,0.28930389185746513,0.26776571571826935,0.30275749415159225
CMA-ES,6500,0.2786791409055392,0.25600773841142654,0.2990095242857933
CMA-ES,6750,0.2693739349643389,0.24790171533823013,0.29404962062835693
CMA-ES,7000,0.2603141590952873,0.23770024999976158,0.2880002558231354
CMA-ES,7250,0.25270346999168397,0.2198653519153595,0.2703346684575081
CMA-ES,7500,0.24297921607891718,0.21622298285365105,0.2667528986930847
CMA-ES,7750,0.2362387532989184,0.2065424509346485,0.25841251760721207
CMA-ES,8000,0.22894115100304285,0.20272132009267807,0.24768667295575142
CMA-ES,8250,0.21576394935448964,0.18729864805936813,0.24017826840281487
CMA-ES,8500,0.21311215112606685,0.18615160882472992,0.23816803842782974
CMA-ES,8750,0.20890019635359447,0.17994056269526482,0.23766617476940155
CMA-ES,9000,0.20393185963233312,0.17513785138726234,0.23159154504537582
CMA-ES,9250,0.19664546698331833,0.1711159124970436,0.21421121433377266
CMA-ES,9500,0.1929756611585617,0.1687764711678028,0.21421121433377266
CMA-ES,9750,0.18618153035640717,0.16226881369948387,0.20621824637055397
CMA-ES,10000,0.18201132118701935,0.16117019951343536,0.20463897287845612
CMA-ES,10250,0.1748578538497289,0.15465207025408745,0.19431574642658234
CMA-ES,10500,0.17015271186828612,0.14540085569024086,0.19015588983893394
CMA-ES,10750,0.16551161855459212,0.14367985352873802,0.1860336996614933
CMA-ES,11000,0.1612781474987666,0.1425733007490635,0.17897440865635872
CMA-ES,11250,0.15687129000822703,0.14210239425301552,0.17823704332113266
CMA-ES,11500,0.15238400921225548,0.13282188773155212,0.1680983155965805
CMA-ES,11750,0.14936245356996855,0.13126538693904877,0.1666502170264721
CMA-ES,12000,0.14428995500008265,0.12373695150017738,0.1634916365146637
CMA-ES,12250,0.14118002826968828,0.12281115911900997,0.16124945506453514
CMA-ES,12500,0.13702767342329025,0.11764670349657536,0.1524403765797615
CMA-ES,12750,0.13449791024128596,0.11642701737582684,0.15005650743842125
CMA-ES,13000,0.13028362542390823,0.11602850444614887,0.14293798431754112
CMA-ES,13250,0.12564369787772497,0.11121629364788532,0.13948878645896912
CMA-ES,13500,0.12320039843519529,0.11097759753465652,0.13702579587697983
CMA-ES,13750,0.12201206286748251,0.109108230099082,0.13648051023483276
CMA-ES,14000,0.11911397104461988,0.10525817237794399,0.13263969495892525
CMA-ES,14250,0.11760216529170672,0.10298540256917477,0.13263969495892525
CMA-ES,14500,0.11567156141002972,0.1019901018589735,0.13052280247211456
CMA-ES,14750,0.11273536284764608,0.10038848221302032,0.12829256802797318
CMA-ES,15000,0.10978407363096873,0.09562109410762787,0.12406600080430508
GPC,0,8.137047060330708,4.965167999267578,10.42786455154419
GPC,250,7.531569822629293,4.61310350894928,9.83084774017334
GPC,500,6.677203623453776,3.998572587966919,8.989097833633423
GPC,750,5.7403414964675905,3.5541308522224426,7.724687099456787
GPC,1000,4.884780812263489,3.1518656611442566,6.515546202659607
GPC,1250,4.1831444581349695,2.823610305786133,5.344377517700195
GPC,1500,3.6513211091359454,2.553398370742798,4.741478323936462
GPC,1750,3.1864232460657758,2.2640268206596375,4.065110921859741
GPC,2000,2.7951385776201882,2.0605688095092773,3.5248177647590637
GPC,2250,2.450609608491262,1.8282460272312164,3.0187017917633057
GPC,2500,2.1885747790336607,1.6438420414924622,2.5938135981559753
GPC,2750,1.973131263256073,1.4674704670906067,2.307678461074829
GPC,3000,1.7865872859954834,1.3915975689888,2.007115125656128
GPC,3250,1.6153054455916087,1.2666379809379578,1.9078106880187988
GPC,3500,1.4838832994302114,1.1415499448776245,1.7598053514957428
GPC,3750,1.3742262164751688,1.0810054242610931,1.6308576464653015
GPC,4000,1.2677075505256652,1.0147980749607086,1.477302372455597
GPC,4250,1.1741848448912302,0.9247773140668869,1.4073567390441895
GPC,4500,1.0932039817174275,0.8656139671802521,1.3411426842212677
GPC,4750,1.0229409952958426,0.8176904320716858,1.234098196029663
GPC,5000,0.9591060698032379,0.7589345425367355,1.1284232139587402
GPC,5250,0.8999635895093282,0.7120634019374847,1.0255677253007889
GPC,5500,0.8407351454099019,0.6741910576820374,0.9658301323652267
GPC,5750,0.7947011808554332,0.624934509396553,0.9010131061077118
GPC,6000,0.7547181983788808,0.5794181823730469,0.8641425669193268
GPC,6250,0.7141136695941289,0.5656378269195557,0.8110978454351425
GPC,6500,0.6761447687943777,0.5234367847442627,0.759153351187706
GPC,6750,0.6324093321959178,0.4914671629667282,0.7163917273283005
GPC,7000,0.6024679233630498,0.4727620631456375,0.688042163848877
GPC,7250,0.5758598258097967,0.4579377695918083,0.6609571129083633
GPC,7500,0.5493178606033325,0.4316941276192665,0.6256708800792694
GPC,7750,0.5228721817334493,0.4075743928551674,0.5998836755752563
GPC,8000,0.4988131393988927,0.3830631896853447,0.572715625166893
GPC,8250,0.48087700506051384,0.37506113201379776,0.5304433554410934
GPC,8500,0.4598772466182709,0.36033499240875244,0.5154246389865875
GPC,8750,0.4424722631772359,0.35202706605196,0.4927617460489273
GPC,9000,0.4265466014544169,0.3340950757265091,0.4741811156272888
GPC,9250,0.4078945870200793,0.30922141671180725,0.4523280933499336
GPC,9500,0.3907936900854111,0.29747315496206284,0.429763562977314
GPC,9750,0.37679638514916103,0.2862040475010872,0.424876369535923
GPC,10000,0.3632202650109927,0.2801288217306137,0.40554340928792953
GPC,10250,0.35078123162190117,0.26925644278526306,0.39447731524705887
GPC,10500,0.3387710000077883,0.2539544701576233,0.36570943146944046
GPC,10750,0.3260287071267764,0.24685035273432732,0.36113354563713074
GPC,11000,0.31469339778025945,0.24515177682042122,0.34327610582113266
GPC,11250,0.3024408742785454,0.23611126840114594,0.33378810435533524
GPC,11500,0.2947813143332799,0.22782116383314133,0.3280572295188904
GPC,11750,0.2852483630180359,0.21974975243210793,0.3178452327847481
GPC,12000,0.2749606385827065,0.21506128460168839,0.3096223697066307
GPC,12250,0.26730113873879113,0.2097606472671032,0.29648254811763763
GPC,12500,0.26186691373586657,0.2045143060386181,0.28050509095191956
GPC,12750,0.25371744533379875,0.19495445862412453,0.2732522636651993
GPC,13000,0.24596245090166727,0.18614079430699348,0.2692047581076622
GPC,13250,0.23997165660063427,0.1856997162103653,0.2599714696407318
GPC,13500,0.23335770616928736,0.18246589601039886,0.25219064578413963
GPC,13750,0.22746313065290452,0.17555896565318108,0.24486753344535828
GPC,14000,0.22125162879625956,0.17168331146240234,0.24193156883120537
GPC,14250,0.2157444804906845,0.1702096052467823,0.23219455033540726
GPC,14500,0.21122620751460394,0.16376281902194023,0.2273438535630703
GPC,14750,0.20733650376399357,0.16338157281279564,0.22005487978458405
GPC,15000,0.20241228143374126,0.15655256807804108,0.21828923374414444
Gradient descent,0,40.991562875111896,29.46000576019287,52.55661678314209
Gradient descent,250,0.0958980401357015,0.069200549274683,0.11369748413562775
Gradient descent,500,0.043067999805013336,0.03514055162668228,0.04726338945329189
Gradient descent,750,0.030118201114237308,0.025901869870722294,0.03305479697883129
Gradient descent,1000,0.02500071581453085,0.022443048655986786,0.027011525817215443
Gradient descent,1250,0.022511198309560616,0.020711304619908333,0.024302291683852673
Gradient descent,1500,0.0208587900424997,0.019595440477132797,0.022139873821288347
Gradient descent,1750,0.019636482993761698,0.0184578993357718,0.02024766057729721
Gradient descent,2000,0.018642723684509595,0.01764255901798606,0.01969406893476844
Gradient descent,2250,0.017922306805849074,0.01697380468249321,0.01899458607658744
Gradient descent,2500,0.017271818158527217,0.016488370951265097,0.0182271059602499
Gradient descent,2750,0.016730211209505796,0.016100565437227488,0.01773703470826149
Gradient descent,3000,0.016297083999961614,0.01548351300880313,0.01711181690916419
Gradient descent,3250,0.015892692810545363,0.015127995982766151,0.016705673187971115
Gradient descent,3500,0.015516999208678802,0.014717611018568277,0.01617923378944397
Gradient descent,3750,0.015229906793683768,0.014528941130265594,0.015704164747148752
Gradient descent,4000,0.01492666124055783,0.014189868699759245,0.015503353206440806
Gradient descent,4250,0.014622130772719781,0.014012283645570278,0.01511934888549149
Gradient descent,4500,0.014353834309925635,0.013784651877358556,0.014786492334678769
Gradient descent,4750,0.014183786263068517,0.013671524589881301,0.014495539013296366
Gradient descent,5000,0.013982273793468872,0.01357381627894938,0.014208611799404025
Gradient descent,5250,0.013858377188444137,0.013518074061721563,0.014046475291252136
Gradient descent,5500,0.01373851311703523,0.01347255427390337,0.013947729486972094
Gradient descent,5750,0.013632767150799434,0.013384053949266672,0.013926287181675434
Gradient descent,6000,0.013544950323800245,0.013298921985551715,0.013729837257415056
Gradient descent,6250,0.013472143809000652,0.013176246080547571,0.013683092780411243
Gradient descent,6500,0.013384632548938196,0.013169916812330484,0.013617124175652862
Gradient descent,6750,0.01334751263881723,0.01315692556090653,0.013559934450313449
Gradient descent,7000,0.013306256942451,0.013149262871593237,0.013490780722349882
Gradient descent,7250,0.013249116049458583,0.013053363654762506,0.01343973889015615
Gradient descent,7500,0.013190064920733373,0.013020653277635574,0.013377000112086535
Gradient descent,7750,0.013136725407093763,0.012993878684937954,0.013321687700226903
Gradient descent,8000,0.01310915822784106,0.012987913098186255,0.013221750501543283
Gradient descent,8250,0.013080395137270292,0.012969932984560728,0.013209492899477482
Gradient descent,8500,0.013038607717802127,0.012955805286765099,0.013178746215999126
Gradient descent,8750,0.012995852995663882,0.012955805286765099,0.013044403865933418
Gradient descent,9000,0.01297820284962654,0.01293682842515409,0.01303886086679995
Gradient descent,9250,0.012967803825934729,0.012920822482556105,0.01303886086679995
Gradient descent,9500,0.012951093136022489,0.012904168106615543,0.013031525770202279
Gradient descent,9750,0.01294710182895263,0.012900621863082051,0.013031525770202279
Gradient descent,10000,0.012929012347012759,0.012850905302911997,0.013031525770202279
Gradient descent,10250,0.012928041629493237,0.012850905302911997,0.013031525770202279
Gradient descent,10500,0.012914333709826071,0.012813650537282228,0.013031525770202279
Gradient descent,10750,0.012913129571825267,0.012813650537282228,0.0130296868737787
Gradient descent,11000,0.01290810617307822,0.012813650537282228,0.013024951564148068
Gradient descent,11250,0.012899833483000596,0.012781652621924877,0.013024951564148068
Gradient descent,11500,0.012896747980266809,0.012781652621924877,0.013024951564148068
Gradient descent,11750,0.012896747980266809,0.012781652621924877,0.013024951564148068
Gradient descent,12000,0.01288427949572603,0.012771797366440296,0.013021758059039712
Gradient descent,12250,0.01288427949572603,0.012771797366440296,0.013021758059039712
Gradient descent,12500,0.012872914442171653,0.012771797366440296,0.013015387114137411
Gradient descent,12750,0.012865605702002843,0.012771797366440296,0.01300725364126265
Gradient descent,13000,0.01285531207298239,0.012755498988553882,0.012995607452467084
Gradient descent,13250,0.012851592184354861,0.012755498988553882,0.012993457494303584
Gradient descent,13500,0.012849300416807334,0.012755498988553882,0.012985576875507832
Gradient descent,13750,0.012845306408902009,0.012755498988553882,0.012985542649403214
Gradient descent,14000,0.012841503974050284,0.012755498988553882,0.012982233660295606
Gradient descent,14250,0.012836800701916218,0.012755498988553882,0.012974393088370562
Gradient descent,14500,0.012831714718292158,0.012755498988553882,0.012961972039192915
Gradient descent,14750,0.012831714718292158,0.012755498988553882,0.012961972039192915
Gradient descent,15000,0.012829923660804828,0.012755498988553882,0.012961972039192915
Random search,0,5.326678530375163,3.729976177215576,6.479215025901794
Random search,250,4.193114264806112,3.317701995372772,4.8973493576049805
Random search,500,3.841386834780375,3.0668123960494995,4.396518588066101
Random search,750,3.6061304489771526,2.8458085656166077,4.218762636184692
Random search,1000,3.495478947957357,2.6897313594818115,3.9824677109718323
Random search,1250,3.12978888352712,2.6180859208106995,3.495037078857422
Random search,1500,3.0507699807484943,2.550837814807892,3.476300597190857
Random search,1750,2.9064948161443076,2.4635797142982483,3.2343415021896362
Random search,2000,2.906486980120341,2.4635797142982483,3.2342827320098877
Random search,2250,2.802308201789856,2.3940794467926025,3.1727930307388306
Random search,2500,2.7538953900337217,2.3733394145965576,3.116404414176941
Random search,2750,2.7538953900337217,2.3733394145965576,3.116404414176941
Random search,3000,2.750348158677419,2.3733394145965576,3.116404414176941
Random search,3250,2.7180332064628603,2.3733394145965576,3.016203761100769
Random search,3500,2.684536596139272,2.3733394145965576,2.933132290840149
Random search,3750,2.660979386170705,2.3733394145965576,2.9277142882347107
Random search,4000,2.6478434761365253,2.36891508102417,2.9277142882347107
Random search,4250,2.5981427470843,2.36891508102417,2.860389292240143
Random search,4500,2.5981427470843,2.36891508102417,2.860389292240143
Random search,4750,2.5886436422665913,2.36891508102417,2.8490570187568665
Random search,5000,2.5758296608924867,2.36891508102417,2.847912311553955
Random search,5250,2.556045643488566,2.36891508102417,2.847912311553955
Random search,5500,2.553970042864482,2.3233970999717712,2.847912311553955
Random search,5750,2.551944931348165,2.3233970999717712,2.8122857213020325
Random search,6000,2.549244419733683,2.3233970999717712,2.8122857213020325
Random search,6250,2.533353892962138,2.3233970999717712,2.771452844142914
Random search,6500,2.533353892962138,2.3233970999717712,2.771452844142914
Random search,6750,2.533353892962138,2.3233970999717712,2.771452844142914
Random search,7000,2.5165414492289226,2.3233970999717712,2.771452844142914
Random search,7250,2.5164267937342326,2.3233970999717712,2.771452844142914
Random search,7500,2.5164267937342326,2.3233970999717712,2.771452844142914
Random search,7750,2.5164267937342326,2.3233970999717712,2.771452844142914
Random search,8000,2.5164267937342326,2.3233970999717712,2.771452844142914
Random search,8250,2.509286904335022,2.2948208451271057,2.771452844142914
Random search,8500,2.506657679875692,2.2948208451271057,2.771452844142914
Random search,8750,2.506657679875692,2.2948208451271057,2.771452844142914
Random search,9000,2.506657679875692,2.2948208451271057,2.771452844142914
Random search,9250,2.4574382384618123,2.242580235004425,2.6625651717185974
Random search,9500,2.4574382384618123,2.242580235004425,2.6625651717185974
Random search,9750,2.4574382384618123,2.242580235004425,2.6625651717185974
Random search,10000,2.4574382384618123,2.242580235004425,2.6625651717185974
Random search,10250,2.4541640758514403,2.2315964102745056,2.6625651717185974
Random search,10500,2.4518911202748614,2.2315964102745056,2.6621018648147583
Random search,10750,2.449151953061422,2.2315964102745056,2.6621018648147583
Random search,11000,2.449151953061422,2.2315964102745056,2.6621018648147583
Random search,11250,2.44428866704305,2.2315964102745056,2.6621018648147583
Random search,11500,2.44428866704305,2.2315964102745056,2.6621018648147583
Random search,11750,2.443673364321391,2.2315964102745056,2.6574870944023132
Random search,12000,2.426051219304403,2.1495510935783386,2.6574870944023132
Random search,12250,2.426051219304403,2.1495510935783386,2.6574870944023132
Random search,12500,2.426051219304403,2.1495510935783386,2.6574870944023132
Random search,12750,2.375889190038045,2.1285207271575928,2.6171178817749023
Random search,13000,2.375889190038045,2.1285207271575928,2.6171178817749023
Random search,13250,2.342751423517863,2.114042043685913,2.573261559009552
Random search,13500,2.342751423517863,2.114042043685913,2.573261559009552
Random search,13750,2.342751423517863,2.114042043685913,2.573261559009552
Random search,14000,2.342751423517863,2.114042043685913,2.573261559009552
Random search,14250,2.342751423517863,2.114042043685913,2.573261559009552
Random search,14500,2.342751423517863,2.114042043685913,2.573261559009552
Random search,14750,2.342751423517863,2.114042043685913,2.573261559009552
Random search,15000,2.3419007460276284,2.114042043685913,2.573261559009552
TPE,0,5.326678530375163,3.729976177215576,6.479215025901794
TPE,250,2.9916297952334086,2.365487575531006,3.4750372767448425
TPE,500,2.8389567772547406,2.1759142875671387,3.4330090284347534
TPE,750,2.657289675871531,2.0200785100460052,3.1551647782325745
TPE,1000,2.174560558795929,1.6021226346492767,2.6230008602142334
TPE,1250,1.9854010462760925,1.522068053483963,2.3687015771865845
TPE,1500,1.8109123190244039,1.2738211452960968,2.1480533182621
TPE,1750,1.5533913135528565,1.1531733870506287,2.020724266767502
TPE,2000,1.3784678677717845,1.0367461144924164,1.6362062990665436
TPE,2250,1.2561684469381968,0.9143915176391602,1.5258505642414093
TPE,2500,1.130342181523641,0.8061555922031403,1.3381988108158112
TPE,2750,1.042405867576599,0.7259349375963211,1.1627311408519745
TPE,3000,0.9589613517125447,0.6939374804496765,1.0452497005462646
TPE,3250,0.8559771090745926,0.6312124282121658,0.9497967958450317
TPE,3500,0.7974059661229451,0.5919873267412186,0.8772575706243515
TPE,3750,0.704863045612971,0.5224313288927078,0.7763885408639908
TPE,4000,0.6485583792130153,0.47476839274168015,0.7675716429948807
TPE,4250,0.600580382347107,0.45333605259656906,0.6784400939941406
TPE,4500,0.5511081864436468,0.4137335270643234,0.6427492797374725
TPE,4750,0.5010517090559006,0.3712073192000389,0.5714303702116013
TPE,5000,0.47108562688032785,0.3593865931034088,0.5430284738540649
TPE,5250,0.43919038623571394,0.3397456258535385,0.52256178855896
TPE,5500,0.39357462773720425,0.2972799688577652,0.4442094564437866
TPE,5750,0.3732180620233218,0.2972673773765564,0.4292934238910675
TPE,6000,0.3505490034818649,0.2912093549966812,0.4026753678917885
TPE,6250,0.3333864837884903,0.2637086361646652,0.38643061369657516
TPE,6500,0.30943737576405206,0.2560107260942459,0.35519060492515564
TPE,6750,0.2903532639145851,0.2341706082224846,0.32823432236909866
TPE,7000,0.2734103893240293,0.21581954881548882,0.3102900832891464
TPE,7250,0.2543325776855151,0.21125047653913498,0.2943348288536072
TPE,7500,0.24130189021428425,0.19593483582139015,0.2796352729201317
TPE,7750,0.2279692843556404,0.19507170096039772,0.2666517496109009
TPE,8000,0.21682164420684177,0.18416215479373932,0.2507398799061775
TPE,8250,0.20350150167942047,0.1736057661473751,0.2337932549417019
TPE,8500,0.1924559662739436,0.16530798003077507,0.21479424089193344
TPE,8750,0.18460169583559036,0.1513831503689289,0.2120998613536358
TPE,9000,0.17586093991994858,0.15042861551046371,0.18931639194488525
TPE,9250,0.16867348899443943,0.14409901946783066,0.18564031273126602
TPE,9500,0.16085164447625477,0.13325316458940506,0.17495515570044518
TPE,9750,0.15382370601097742,0.1304132342338562,0.16507742553949356
TPE,10000,0.14945531810323398,0.1255005355924368,0.15559545904397964
TPE,10250,0.1446731147666772,0.12272143550217152,0.15282385796308517
TPE,10500,0.13943506454428037,0.11790106631815434,0.14997950941324234
TPE,10750,0.13413384358088176,0.11159620806574821,0.14748315513134003
TPE,11000,0.12727738420168558,0.10827150568366051,0.1423877775669098
TPE,11250,0.12332455416520437,0.10253744944930077,0.137788537889719
TPE,11500,0.11996727312604587,0.10241310112178326,0.13222996145486832
TPE,11750,0.11684043208758037,0.09952970035374165,0.12911832705140114
TPE,12000,0.11274323066075644,0.09800880774855614,0.12268643267452717
TPE,12250,0.10896662945548694,0.09356250427663326,0.11941371858119965
TPE,12500,0.1072406512995561,0.09258545376360416,0.11693517491221428
TPE,12750,0.10390502413113913,0.09104670956730843,0.11406419239938259
TPE,13000,0.10111871088544527,0.08710530586540699,0.1037223320454359
TPE,13250,0.09849290574590365,0.08589093945920467,0.10272577032446861
TPE,13500,0.09638623545567195,0.0836564488708973,0.10179939493536949
TPE,13750,0.09434379190206528,0.08163346163928509,0.09688111767172813
TPE,14000,0.09145413488149642,0.08126942254602909,0.09638467617332935
TPE,14250,0.08978120883305868,0.08076153695583344,0.0957638081163168
TPE,14500,0.08786849404374758,0.07748551294207573,0.09560984373092651
TPE,14750,0.08555526956915856,0.07631917670369148,0.09237117134034634
TPE,15000,0.08382336720824242,0.07434243522584438,0.09062030538916588
WHOA,0,8.137047060330708,4.965167999267578,10.42786455154419
WHOA,250,2.757446058591207,2.0507307648658752,3.042777180671692
WHOA,500,1.5957890609900156,1.1439027786254883,1.6567570567131042
WHOA,750,1.2210392832756043,0.9597631692886353,1.4187839031219482
WHOA,1000,1.0166386504968008,0.8315342664718628,1.1444599628448486
WHOA,1250,0.8800306101640065,0.6789729744195938,1.0445525646209717
WHOA,1500,0.7803579191366832,0.6118712872266769,0.9395686835050583
WHOA,1750,0.7120186100403468,0.5684518963098526,0.8663721978664398
WHOA,2000,0.6586623698472976,0.5342018008232117,0.8082550764083862
WHOA,2250,0.6136907110611598,0.4915607422590256,0.7543680369853973
WHOA,2500,0.5744837045669555,0.45649608969688416,0.6912958025932312
WHOA,2750,0.5446722487608592,0.42653413116931915,0.6425462514162064
WHOA,3000,0.5143847813208898,0.4057479351758957,0.6219153851270676
WHOA,3250,0.4895681291818619,0.39390015602111816,0.6014447957277298
WHOA,3500,0.46171572506427766,0.3708101138472557,0.5808115154504776
WHOA,3750,0.4387446641921997,0.35166486352682114,0.5600511878728867
WHOA,4000,0.4185734212398529,0.33016129583120346,0.5385644435882568
WHOA,4250,0.39841127942005794,0.3065621256828308,0.510726623237133
WHOA,4500,0.38086318522691726,0.28182628750801086,0.49274712055921555
WHOA,4750,0.36476347347100574,0.2736305594444275,0.46888744831085205
WHOA,5000,0.35012910813093184,0.2601357400417328,0.4471566751599312
WHOA,5250,0.3362027982870738,0.24998843297362328,0.4343675449490547
WHOA,5500,0.3252466231584549,0.2402292788028717,0.42310546338558197
WHOA,5750,0.31336643199125924,0.23292148485779762,0.4123934805393219
WHOA,6000,0.30215517232815425,0.22494463250041008,0.38331474363803864
WHOA,6250,0.28955860634644826,0.21886519715189934,0.36880938708782196
WHOA,6500,0.2775734568635623,0.2094077579677105,0.33772895485162735
WHOA,6750,0.267452110350132,0.19351864233613014,0.32730361819267273
WHOA,7000,0.26024090200662614,0.1856989562511444,0.3178943544626236
WHOA,7250,0.25425042062997816,0.17792564630508423,0.3140200600028038
WHOA,7500,0.24879845331112543,0.17457084357738495,0.30976711213588715
WHOA,7750,0.24218422571818035,0.16711332648992538,0.3013773187994957
WHOA,8000,0.23540199051300684,0.16378203779459,0.29022983461618423
WHOA,8250,0.22959867616494498,0.16201692074537277,0.2842327877879143
WHOA,8500,0.2233685200413068,0.1556328348815441,0.27428825199604034
WHOA,8750,0.2183042933543523,0.15132761374115944,0.2668173648416996
WHOA,9000,0.21250418623288472,0.14975589513778687,0.2392239086329937
WHOA,9250,0.20709098055958747,0.14682454243302345,0.2315083146095276
WHOA,9500,0.20155900989969572,0.14125248044729233,0.21459699794650078
WHOA,9750,0.19763760070006053,0.1372741051018238,0.2083597369492054
WHOA,10000,0.19356691961487135,0.13533154875040054,0.2055911384522915
WHOA,10250,0.1897616187731425,0.1339435651898384,0.20198558643460274
WHOA,10500,0.1859942267338435,0.1327434703707695,0.19673577696084976
WHOA,10750,0.18155981103579202,0.13127881288528442,0.19117366895079613
WHOA,11000,0.17617588465412456,0.12875927984714508,0.18576427549123764
WHOA,11250,0.1703676275908947,0.12794623337686062,0.18298959359526634
WHOA,11500,0.16601220319668453,0.12663139961659908,0.17923646047711372
WHOA,11750,0.16316760728756588,0.12500334158539772,0.17789967358112335
WHOA,12000,0.16077233329415322,0.12358226999640465,0.17587516456842422
WHOA,12250,0.158411651601394,0.12069954723119736,0.17458069324493408
WHOA,12500,0.1563960465292136,0.1200410071760416,0.17097347974777222
WHOA,12750,0.15411219348510105,0.11912104859948158,0.16749702766537666
WHOA,13000,0.15146802167097728,0.11862821318209171,0.164179977029562
WHOA,13250,0.14966310188174248,0.1174593698233366,0.1632424332201481
WHOA,13500,0.14847322975595792,0.11573432572185993,0.16198425740003586
WHOA,13750,0.14752241596579552,0.1148991733789444,0.16105026379227638
WHOA,14000,0.1464668313662211,0.11432361975312233,0.15997353196144104
WHOA,14250,0.14564006899793944,0.11388508044183254,0.15907996892929077
WHOA,14500,0.14484418630599977,0.11319761350750923,0.15830371901392937
WHOA,14750,0.14417494609951972,0.1126672700047493,0.1577490158379078
WHOA,15000,0.1435176859299342,0.11191486567258835,0.15733013302087784
